impd_sampevent_station,impd_sampevent,shadpermin,station,Calanoida,Cyclopoida,Cladocera,Rotifera,Nauplii,Chaoboridae,Harpacticoida,TotZoop,lakecode,month,year
BUSL_JUNE17_1,BUSL_JUNE17,0.2,1,3.2,0.3,8.5,1.3,8.4,0,0,21.7,BUSL,JUNE,2017
BUSL_JUNE17_2,BUSL_JUNE17,0.2,2,2.9,1.9,11.5,0.2,16.5,0,0,33,BUSL,JUNE,2017
BUSL_JUNE17_3,BUSL_JUNE17,0.2,3,4.3,0.9,11.8,0.1,10.8,0,0,27.9,BUSL,JUNE,2017
CASL_JUNE17_1,CASL_JUNE17,3.866666667,1,1.6,0,16.3,2.4,3.2,0,0,23.5,CASL,JUNE,2017
CASL_JUNE17_2,CASL_JUNE17,3.866666667,2,2.4,0,14.3,2.7,8.9,0,0,28.3,CASL,JUNE,2017
CASL_JUNE17_3,CASL_JUNE17,3.866666667,3,3.9,0,12.6,3.5,27,0,0.1,47.1,CASL,JUNE,2017
CLSL_JUNE17_1,CLSL_JUNE17,0,1,2,0.1,1.4,0,0.4,0,0.1,4,CLSL,JUNE,2017
CLSL_JUNE17_2,CLSL_JUNE17,0,2,4,0.3,3.9,0.6,5.3,0,0,14.1,CLSL,JUNE,2017
CLSL_JUNE17_3,CLSL_JUNE17,0,3,1.4,0.2,2.9,4.9,3.2,0,0.1,12.7,CLSL,JUNE,2017
DGSL_JUNE17_1,DGSL_JUNE17,0,1,0.8,0.3,1.2,1.3,5.5,0,0,9.1,DGSL,JUNE,2017
DGSL_JUNE17_2,DGSL_JUNE17,0,2,1.6,0.1,1.9,0,2.6,0,0,6.2,DGSL,JUNE,2017
DGSL_JUNE17_3,DGSL_JUNE17,0,3,0.9,0.1,2,0.1,1.4,0,0,4.5,DGSL,JUNE,2017
GESL_JUNE17_1,GESL_JUNE17,0.225,1,0.6,0.1,4.8,0.1,4.9,0,0,10.5,GESL,JUNE,2017
GESL_JUNE17_2,GESL_JUNE17,0.225,2,0.5,0,1.9,0,2.1,0,0,4.5,GESL,JUNE,2017
GESL_JUNE17_3,GESL_JUNE17,0.225,3,0.9,0,3.2,1.3,9,0,0,14.4,GESL,JUNE,2017
MESL_JUNE17_1,MESL_JUNE17,0,1,7.5,1.4,52.1,1.4,14.4,0,0,76.8,MESL,JUNE,2017
MESL_JUNE17_2,MESL_JUNE17,0,2,5.3,0.9,50.4,3.7,13.2,0,0,73.5,MESL,JUNE,2017
MESL_JUNE17_3,MESL_JUNE17,0,3,7.2,1.9,87.6,1.5,21.2,0,1,120.4,MESL,JUNE,2017
NOSL_JUNE17_1,NOSL_JUNE17,2.233333333,1,3.571428571,0.285714286,0.142857143,1,0.714285714,0,0,5.714285714,NOSL,JUNE,2017
NOSL_JUNE17_2,NOSL_JUNE17,2.233333333,2,1.714285714,0,2.428571429,0.571428571,2.142857143,0,0,6.857142857,NOSL,JUNE,2017
NOSL_JUNE17_3,NOSL_JUNE17,2.233333333,3,1,0,4.857142857,0.428571429,2.714285714,0,0,9,NOSL,JUNE,2017
OTSL_JUNE17_1,OTSL_JUNE17,0.1,1,6,0,33.57142857,0,4.428571429,0,0.571428571,44.57142857,OTSL,JUNE,2017
OTSL_JUNE17_2,OTSL_JUNE17,0.1,2,14.57142857,0.714285714,53.14285714,0.857142857,20.14285714,0,0.285714286,89.71428571,OTSL,JUNE,2017
OTSL_JUNE17_3,OTSL_JUNE17,0.1,3,7.857142857,0.714285714,8.428571429,1.714285714,23.85714286,0,0,42.57142857,OTSL,JUNE,2017
PTSA_JUNE17_1,PTSA_JUNE17,0,1,3.142857143,0.571428571,22.28571429,0.857142857,15.14285714,0,0,42,PTSA,JUNE,2017
PTSA_JUNE17_2,PTSA_JUNE17,0,2,16.57142857,1,40.85714286,5.428571429,32,0,0,95.85714286,PTSA,JUNE,2017
PTSA_JUNE17_3,PTSA_JUNE17,0,3,14.71428571,3.857142857,52.85714286,4.571428571,39.85714286,0,0,115.8571429,PTSA,JUNE,2017
SCSL_JUNE17_1,SCSL_JUNE17,0,1,36.28571429,11,69.71428571,0.857142857,11,0.142857143,0.428571429,129.4285714,SCSL,JUNE,2017
SCSL_JUNE17_2,SCSL_JUNE17,0,2,8.571428571,1.285714286,87.57142857,0.571428571,18.14285714,0,0,116.1428571,SCSL,JUNE,2017
SCSL_JUNE17_3,SCSL_JUNE17,0,3,14.42857143,4.428571429,49.14285714,0,1.857142857,0,1.285714286,71.14285714,SCSL,JUNE,2017
SNSL_JUNE17_1,SNSL_JUNE17,1.7,1,1.571428571,3.571428571,0,1.285714286,7.142857143,0,0,13.57142857,SNSL,JUNE,2017
SNSL_JUNE17_2,SNSL_JUNE17,1.7,2,5.428571429,0,4.142857143,2.142857143,11.57142857,0,0,23.28571429,SNSL,JUNE,2017
SNSL_JUNE17_3,SNSL_JUNE17,1.7,3,5.142857143,0.285714286,3.285714286,2.714285714,13.71428571,0,0,25.14285714,SNSL,JUNE,2017
BUSL_AUG17_1,BUSL_AUG17,2.58,1,2.142857143,0.178571429,1.607142857,0,1.785714286,0,0,5.714285715,BUSL,AUG,2017
BUSL_AUG17_2,BUSL_AUG17,2.58,2,0.483870968,0,0.483870968,0.483870968,0.967741935,0,0,2.419354839,BUSL,AUG,2017
BUSL_AUG17_3,BUSL_AUG17,2.58,3,1.132075472,0,1.132075472,1.132075472,1.886792453,0,0,5.283018869,BUSL,AUG,2017
CASL_AUG17_1,CASL_AUG17,1.309090909,1,2.745098039,0.784313725,10,1.764705882,5.098039216,0,0.392156863,20.78431373,CASL,AUG,2017
CASL_AUG17_2,CASL_AUG17,1.309090909,2,3.333333333,1.111111111,2.222222222,0.925925926,17.96296296,0,0,25.55555555,CASL,AUG,2017
CASL_AUG17_3,CASL_AUG17,1.309090909,3,7.903225806,2.903225806,7.580645161,1.290322581,0.483870968,0,0,20.16129032,CASL,AUG,2017
CLSL_AUG17_1,CLSL_AUG17,0,1,2.5,0,14,3.5,8,0,0,28,CLSL,AUG,2017
CLSL_AUG17_2,CLSL_AUG17,0,2,4.545454545,0,2.954545455,2.727272727,10.22727273,0,0,20.45454546,CLSL,AUG,2017
CLSL_AUG17_3,CLSL_AUG17,0,3,3.541666667,0,3.958333333,14.375,7.708333333,0,0,29.58333333,CLSL,AUG,2017
DGSL_AUG17_1,DGSL_AUG17,0,1,2.571428571,0.285714286,1.714285714,6,11.71428571,0,0,22.28571428,DGSL,AUG,2017
DGSL_AUG17_2,DGSL_AUG17,0,2,6,0,9,2.2,11.2,0,0,28.4,DGSL,AUG,2017
DGSL_AUG17_3,DGSL_AUG17,0,3,4.166666667,0.166666667,7.5,2.666666667,6,0,0,20.5,DGSL,AUG,2017
GESL_AUG17_1,GESL_AUG17,1.225,1,0.4,0,1,0.2,2.4,0,0,4,GESL,AUG,2017
GESL_AUG17_2,GESL_AUG17,1.225,2,0,0,0.8,0.5,14.5,0,0,15.8,GESL,AUG,2017
GESL_AUG17_3,GESL_AUG17,1.225,3,0,0,1,2,4.5,0,0,7.5,GESL,AUG,2017
MESL_AUG17_1,MESL_AUG17,0,1,3.857142857,0.285714286,36.85714286,2.857142857,3.285714286,0,0,47.14285715,MESL,AUG,2017
MESL_AUG17_2,MESL_AUG17,0,2,18.2,0.2,51.7,2.6,10.4,0,0,83.1,MESL,AUG,2017
MESL_AUG17_3,MESL_AUG17,0,3,10.2,0.3,33.2,1.2,5.1,0,0,50,MESL,AUG,2017
NOSL_AUG17_1,NOSL_AUG17,4.8,1,0.8,0,7.6,9.2,10,0,0,27.6,NOSL,AUG,2017
NOSL_AUG17_2,NOSL_AUG17,4.8,2,0.869565217,1.304347826,4.347826087,4.782608696,11.73913043,0,0,23.04347826,NOSL,AUG,2017
NOSL_AUG17_3,NOSL_AUG17,4.8,3,2.222222222,0,4.074074074,3.333333333,20.37037037,0,0,30,NOSL,AUG,2017
PTSA_AUG17_1,PTSA_AUG17,0.233333333,1,1.538461538,0.615384615,2.153846154,70.15384615,5.538461538,0,0,80,PTSA,AUG,2017
PTSA_AUG17_2,PTSA_AUG17,0.233333333,2,1,0.166666667,1.833333333,16.83333333,6.333333333,0,0,26.16666666,PTSA,AUG,2017
PTSA_AUG17_3,PTSA_AUG17,0.233333333,3,1,0.166666667,2,4.5,4.333333333,0,0,12,PTSA,AUG,2017
SCSL_AUG17_1,SCSL_AUG17,0,1,1.607142857,1.076923077,0.833333333,17.32142857,10,0,0.4,31.23882784,SCSL,AUG,2017
SCSL_AUG17_2,SCSL_AUG17,0,2,2.419354839,2.698412698,11.18644068,39.53488372,15.3125,0,0.357142857,71.50873479,SCSL,AUG,2017
SCSL_AUG17_3,SCSL_AUG17,0,3,1.971830986,0.517241379,10,39.07692308,15,0,0,66.56599545,SCSL,AUG,2017
SNSL_AUG17_1,SNSL_AUG17,8.466666667,1,1.656626506,0.384615385,3.392857143,0.181818182,9.852941176,0,0,15.46885839,SNSL,AUG,2017
SNSL_AUG17_2,SNSL_AUG17,8.466666667,2,6.119402985,0.5,10.13888889,0.975609756,18.73015873,0,0,36.46406036,SNSL,AUG,2017
SNSL_AUG17_3,SNSL_AUG17,8.466666667,3,5.205479452,0.384615385,4.571428571,5.142857143,17.57142857,0,0,32.87580912,SNSL,AUG,2017
WSSL_AUG17_1,WSSL_AUG17,1.2,1,4.571428571,0,2.857142857,2.285714286,16.71428571,0,0,26.42857142,WSSL,AUG,2017
WSSL_AUG17_2,WSSL_AUG17,1.2,2,5.142857143,0,9.142857143,5.428571429,28.14285714,0,0,47.85714286,WSSL,AUG,2017
WSSL_AUG17_3,WSSL_AUG17,1.2,3,6.857142857,0,6.428571429,17.28571429,27,0,0,57.57142858,WSSL,AUG,2017
BUSL_OCT17_1,BUSL_OCT17,1.2,1,4.603174603,1.746031746,27.77777778,4.920634921,32.85714286,0,0,71.90476191,BUSL,OCT,2017
BUSL_OCT17_2,BUSL_OCT17,1.2,2,2.638888889,0.138888889,10,6.597222222,11.875,0,0,31.25,BUSL,OCT,2017
BUSL_OCT18_1,BUSL_OCT18,1.2,3,0.15,0.15,1.65,0.55,4.5,0,0,7,BUSL,OCT,2017
CASL_OCT17_1,CASL_OCT17,4.28,1,1.739130435,1.304347826,7.608695652,14.7826087,11.73913043,0,0,37.17391304,CASL,OCT,2017
CASL_OCT17_2,CASL_OCT17,4.28,2,7.5,10.5,24,21.25,40,0,0,103.25,CASL,OCT,2017
CASL_OCT17_3,CASL_OCT17,4.28,3,7.288135593,1.355932203,19.15254237,8.983050847,23.22033898,0,0,59.99999999,CASL,OCT,2017
CLSL_OCT17_1,CLSL_OCT17,0,1,14.76190476,1.904761905,40.71428571,28.0952381,37.61904762,0,0,123.0952381,CLSL,OCT,2017
CLSL_OCT17_2,CLSL_OCT17,0,2,2.413793103,0.689655172,34.13793103,9.827586207,14.48275862,0,0,61.55172413,CLSL,OCT,2017
CLSL_OCT17_3,CLSL_OCT17,0,3,8.076923077,3.269230769,50.96153846,31.15384615,9.807692308,0,0,103.2692308,CLSL,OCT,2017
DGSL_OCT17_1,DGSL_OCT17,0,1,2.156862745,1.078431373,14.31372549,8.431372549,5.68627451,0,0,31.66666667,DGSL,OCT,2017
DGSL_OCT17_2,DGSL_OCT17,0,2,3.333333333,1.166666667,20,62.33333333,0,0,0.5,87.33333333,DGSL,OCT,2017
DGSL_OCT17_3,DGSL_OCT17,0,3,16.82926829,2.682926829,0,101.9512195,21.2195122,0,0,142.6829268,DGSL,OCT,2017
GESL_OCT17_1,GESL_OCT17,0,1,0.746268657,0.597014925,1.343283582,7.462686567,3.208955224,0,0.149253731,13.50746269,GESL,OCT,2017
GESL_OCT17_2,GESL_OCT17,0,2,5.625,1.875,8.75,57.91666667,43.125,0,1.666666667,118.9583333,GESL,OCT,2017
GESL_OCT17_3,GESL_OCT17,0,3,2.980769231,0.961538462,17.5,16.15384615,12.88461538,0,0,50.48076922,GESL,OCT,2017
MESL_OCT17_1,MESL_OCT17,0,1,2.698412698,1.587301587,18.41269841,3.174603175,9.365079365,0,0,35.23809524,MESL,OCT,2017
MESL_OCT17_2,MESL_OCT17,0,2,6.271186441,3.220338983,36.61016949,8.644067797,6.610169492,0,0,61.3559322,MESL,OCT,2017
MESL_OCT17_3,MESL_OCT17,0,3,6.440677966,1.694915254,42.03389831,5.93220339,17.62711864,0,0,73.72881356,MESL,OCT,2017
NOSL_OCT17_1,NOSL_OCT17,0.145833333,1,3.064516129,1.451612903,9.032258065,7.741935484,20.64516129,0,0,41.93548387,NOSL,OCT,2017
NOSL_OCT17_2,NOSL_OCT17,0.145833333,2,2.794117647,0.588235294,8.382352941,5.735294118,10.73529412,0,0,28.23529412,NOSL,OCT,2017
NOSL_OCT17_3,NOSL_OCT17,0.145833333,3,4.285714286,0.476190476,14.28571429,11.19047619,21.9047619,0,0,52.14285714,NOSL,OCT,2017
OTSL_OCT17_1,OTSL_OCT17,3.333333333,1,19.26829268,7.56097561,46.58536585,8.292682927,54.63414634,0,1.463414634,137.804878,OTSL,OCT,2017
OTSL_OCT17_2,OTSL_OCT17,3.333333333,2,11.79487179,5.128205128,13.33333333,53.84615385,27.17948718,0,0,111.2820513,OTSL,OCT,2017
OTSL_OCT18_1,OTSL_OCT18,3.333333333,3,0.55,0.15,1.4,0.6,6.3,0,0,9,OTSL,OCT,2017
PTSA_OCT17_1,PTSA_OCT17,0.366666667,1,4.262295082,2.459016393,44.26229508,23.60655738,32.13114754,0,0,106.7213115,PTSA,OCT,2017
PTSA_OCT17_3,PTSA_OCT17,0.366666667,2,2,0.428571429,32,24,20.71428571,0,0,79.14285714,PTSA,OCT,2017
PTSA_OCT18_1,PTSA_OCT18,0.366666667,3,1.05,0.7,2.6,2.5,8.75,0,0,15.6,PTSA,OCT,2017
SCSL_OCT17_1,SCSL_OCT17,0,1,6,3,34,6.25,7.375,0,0,56.625,SCSL,OCT,2017
SCSL_OCT17_2,SCSL_OCT17,0,2,0.75,0.2,9.95,1.65,0.75,0,0,13.3,SCSL,OCT,2017
SCSL_OCT17_3,SCSL_OCT17,0,3,1.75,2.8,13.4,3.9,5.7,0,0.2,27.75,SCSL,OCT,2017
SNSL_OCT17_1,SNSL_OCT17,3.3,1,10.625,3.333333333,26.45833333,29.58333333,20,0,0,89.99999999,SNSL,OCT,2017
SNSL_OCT17_2,SNSL_OCT17,3.3,2,11.61290323,3.387096774,41.61290323,14.19354839,33.87096774,0,0.161290323,104.8387097,SNSL,OCT,2017
SNSL_OCT17_3,SNSL_OCT17,3.3,3,0,1.058823529,36.70588235,22,13.05882353,0,0,72.82352941,SNSL,OCT,2017
SNSL_OCT17_3A,SNSL_OCT17,0.038461538,3,4.823529412,0,0,0,0,0,0,4.823529412,SNSL,OCT,2017
WSSL_OCT17_2,WSSL_OCT17,0.038461538,2,3.333333333,3.571428571,30.23809524,69.04761905,31.9047619,0,0.476190476,138.5714286,WSSL,OCT,2017
BUSL_JUNE18_1,BUSL_JUNE18,0.038461538,1,0.588235294,0.220588235,2.5,0.367647059,9.411764706,0,0,13.08823529,BUSL,JUNE,2018
BUSL_JUNE18_3,BUSL_JUNE18,1.777777778,3,3.863636364,1.363636364,4.772727273,1.439393939,13.25757576,0,0,24.6969697,BUSL,JUNE,2018
CLSL_JUNE18_1,CLSL_JUNE18,1.777777778,1,0.777777778,0.222222222,4.666666667,13.33333333,18.77777778,0,0,37.77777778,CLSL,JUNE,2018
CLSL_JUNE18_2,CLSL_JUNE18,1.777777778,2,1.06557377,0.409836066,13.03278689,24.83606557,23.93442623,0,0,63.27868853,CLSL,JUNE,2018
CLSL_JUNE18_3,CLSL_JUNE18,0,3,0.357142857,0.142857143,11.78571429,11.57142857,10.78571429,0,0,34.64285715,CLSL,JUNE,2018
DGSL_JUNE18_1,DGSL_JUNE18,0,1,1.1,0.2,5.8,1.7,11.8,0,0,20.6,DGSL,JUNE,2018
DGSL_JUNE18_2,DGSL_JUNE18,0,2,1.333333333,0.666666667,7.444444444,2.666666667,6.666666667,0,0,18.77777778,DGSL,JUNE,2018
DGSL_JUNE18_3,DGSL_JUNE18,0,3,0.05,0.05,1.95,1.15,3.15,0,0,6.35,DGSL,JUNE,2018
GESL_JUNE18_1,GESL_JUNE18,0,1,0,0,1.1,0.85,3.55,0,0,5.5,GESL,JUNE,2018
GESL_JUNE18_2,GESL_JUNE18,0,2,0.3,0,0.7,1,7.85,0,0,9.85,GESL,JUNE,2018
GESL_JUNE18_3,GESL_JUNE18,0.366666667,3,0.4,0.25,3.45,0.45,5.5,0,0,10.05,GESL,JUNE,2018
MESL_JUNE19_1,MESL_JUNE19,0.366666667,1,16,14.9,96.2,6.4,44.3,0,0.5,178.3,MESL,JUNE,2018
MESL_JUNE19_2,MESL_JUNE19,0.366666667,2,21.88235294,16.58823529,109.1764706,30,28.58823529,0,0,206.2352941,MESL,JUNE,2018
MESL_JUNE19_3,MESL_JUNE19,1.03125,3,27.4,0,0,0,0,0,0,27.4,MESL,JUNE,2018
NOSL_JUNE18_1,NOSL_JUNE18,1.03125,1,1.722222222,0.444444444,10.11111111,4.277777778,10.44444444,0,0,26.99999999,NOSL,JUNE,2018
NOSL_JUNE18_2,NOSL_JUNE18,1.03125,2,1.625,0.1875,18.75,1.75,6.875,0,0,29.1875,NOSL,JUNE,2018
NOSL_JUNE18_3,NOSL_JUNE18,1.123076923,3,9.071428571,7.714285714,39,2.785714286,17.21428571,0,0.214285714,76,NOSL,JUNE,2018
OTSL_JUNE18_1,OTSL_JUNE18,1.123076923,1,0.862068966,0,3.793103448,3.045977011,8.16091954,0,0,15.86206897,OTSL,JUNE,2018
OTSL_JUNE18_2,OTSL_JUNE18,1.123076923,2,1.976744186,0.290697674,9.186046512,5.523255814,12.03488372,0,0.11627907,29.12790698,OTSL,JUNE,2018
OTSL_JUNE18_3,OTSL_JUNE18,0.3,3,1.585365854,0.487804878,7.134146341,4.146341463,15,0,0,28.35365854,OTSL,JUNE,2018
PTSA_JUNE18_1,PTSA_JUNE18,0.3,1,1.162790698,1.395348837,10.11627907,1.395348837,2.209302326,0,1.627906977,17.90697675,PTSA,JUNE,2018
PTSA_JUNE18_2,PTSA_JUNE18,0.3,2,3.510638298,2.340425532,29.68085106,1.276595745,15.31914894,0,0,52.12765958,PTSA,JUNE,2018
PTSA_JUNE18_3,PTSA_JUNE18,1.433962264,3,0.4,0.15,10.2,3,0.95,0,0,14.7,PTSA,JUNE,2018
SNSL_JUNE18_1,SNSL_JUNE18,1.433962264,1,0.694444444,0,3.611111111,7.222222222,5.555555556,0,0,17.08333333,SNSL,JUNE,2018
SNSL_JUNE18_2,SNSL_JUNE18,1.433962264,2,0.5,0,8.25,8.5,9.875,0,0,27.125,SNSL,JUNE,2018
SNSL_JUNE18_3,SNSL_JUNE18,0.1,3,2.75,1.375,5.125,13.5,19.875,0,0,42.625,SNSL,JUNE,2018
WSSL_JUNE18_1,WSSL_JUNE18,0.1,1,1.625,0.5,15,34.25,23,0,0,74.375,WSSL,JUNE,2018
WSSL_JUNE18_2,WSSL_JUNE18,0.1,2,4,0,19.33333333,26.66666667,20.33333333,0,0,70.33333333,WSSL,JUNE,2018
WSSL_JUNE18_3,WSSL_JUNE18,0.3,3,0.322580645,0,4.838709677,11.93548387,4.35483871,0,0,21.4516129,WSSL,JUNE,2018
BUSL_AUG18_1,BUSL_AUG18,0.3,1,0.5,1.357142857,2.357142857,2.285714286,14.07142857,0,0,20.57142857,BUSL,AUG,2018
BUSL_AUG18_3,BUSL_AUG18,0.3,3,11.07142857,8.214285714,8.154761905,1.19047619,24.58333333,0,0.05952381,53.27380952,BUSL,AUG,2018
CASL_AUG18_1,CASL_AUG18,0.541176471,1,0.652173913,0.869565217,7.608695652,11.52173913,24.02173913,0,0,44.67391304,CASL,AUG,2018
CASL_AUG18_2,CASL_AUG18,0.541176471,2,1,3.25,16.75,2.375,12.875,0,0,36.25,CASL,AUG,2018
CASL_AUG18_3,CASL_AUG18,0.541176471,3,0.6875,1.1875,6.125,1.9375,4.9375,0,0.1875,15.0625,CASL,AUG,2018
CLSL_AUG18_1,CLSL_AUG18,0,1,0.0625,0,2.875,0.625,4.25,0,0,7.8125,CLSL,AUG,2018
CLSL_AUG18_2,CLSL_AUG18,0,2,1.585365854,0.853658537,2.317073171,2.195121951,10.85365854,0,0,17.80487805,CLSL,AUG,2018
CLSL_AUG18_3,CLSL_AUG18,0,3,0.214285714,0.285714286,5.357142857,0.142857143,6.571428571,0,0,12.57142857,CLSL,AUG,2018
DGSL_AUG18_1,DGSL_AUG18,0,1,0.277777778,0.111111111,3.111111111,3.888888889,6.5,0,0,13.88888889,DGSL,AUG,2018
DGSL_AUG18_2,DGSL_AUG18,0,2,1.2,0.4,4.55,9.25,11.4,0,0,26.8,DGSL,AUG,2018
DGSL_AUG18_3,DGSL_AUG18,0,3,1.15,0.5,3.45,13.55,2.5,0,0,21.15,DGSL,AUG,2018
GESL_AUG18_1,GESL_AUG18,0.076923077,1,0.78125,0.390625,34.84375,2.890625,11.484375,0,0,50.390625,GESL,AUG,2018
GESL_AUG18_2,GESL_AUG18,0.076923077,2,1.85483871,0.564516129,24.11290323,1.612903226,11.37096774,0,0,39.51612904,GESL,AUG,2018
GESL_AUG18_3,GESL_AUG18,0.076923077,3,3.181818182,0.227272727,19.84848485,9.772727273,16.51515152,0,0,49.54545455,GESL,AUG,2018
MESL_AUG18_1,MESL_AUG18,0,1,1.35,1.7,28.25,4.5,5.6,0,0.4,41.8,MESL,AUG,2018
MESL_AUG18_2,MESL_AUG18,0,2,2.3,1.05,28.05,2.65,4.15,0,0.1,38.3,MESL,AUG,2018
MESL_AUG18_3,MESL_AUG18,0,3,1.593406593,1.758241758,16.86813187,0.934065934,5.21978022,0,0,26.37362638,MESL,AUG,2018
NOSL_AUG18_1,NOSL_AUG18,0.571428571,1,1.046511628,1.686046512,4.011627907,7.38372093,21.56976744,0,0,35.69767442,NOSL,AUG,2018
NOSL_AUG18_2,NOSL_AUG18,0.571428571,2,4.945054945,4.78021978,2.637362637,6.263736264,22.96703297,0,0,41.5934066,NOSL,AUG,2018
NOSL_AUG18_3,NOSL_AUG18,0.571428571,3,3.114754098,5.327868852,4.754098361,5.901639344,30,0,0,49.09836066,NOSL,AUG,2018
OTSL_AUG18_1,OTSL_AUG18,0.677419355,1,1.071428571,0.535714286,3.928571429,6.25,22.85714286,0,0,34.64285715,OTSL,AUG,2018
OTSL_AUG18_2,OTSL_AUG18,0.677419355,2,0.735294118,0.955882353,2.205882353,3.088235294,18.38235294,0,0,25.36764706,OTSL,AUG,2018
OTSL_AUG18_3,OTSL_AUG18,0.677419355,3,0.2,0.5,3.4,3.3,28.7,0,0,36.1,OTSL,AUG,2018
PTSA_AUG18_1,PTSA_AUG18,0.222222222,1,2.4,1.8,2.15,0.9,21.2,0,0,28.45,PTSA,AUG,2018
PTSA_AUG18_2,PTSA_AUG18,0.222222222,2,0.65,1.1,3.25,0.7,11.6,0,0,17.3,PTSA,AUG,2018
PTSA_AUG18_3,PTSA_AUG18,0.222222222,3,2.9,1.05,2.35,4.4,24.15,0,0,34.85,PTSA,AUG,2018
SCSL_AUG18_1,SCSL_AUG18,0,1,1.2,0.5,6.4,0.85,11.25,0,0,20.2,SCSL,AUG,2018
SCSL_AUG18_2,SCSL_AUG18,0,2,0.25,1.4,0.3,1.1,2.05,0,0,5.1,SCSL,AUG,2018
SCSL_AUG18_3,SCSL_AUG18,0,3,0.6,1.9,0.8,2.15,3.5,0,0,8.95,SCSL,AUG,2018
SNSL_AUG18_1,SNSL_AUG18,0.659574468,1,0.641025641,0.576923077,1.474358974,1.666666667,12.5,0,0,16.85897436,SNSL,AUG,2018
SNSL_AUG18_2,SNSL_AUG18,0.659574468,2,2.195121951,2.317073171,84.63414634,3.475609756,16.15853659,0,0,108.7804878,SNSL,AUG,2018
SNSL_AUG18_3,SNSL_AUG18,0.659574468,3,1.2,0.5,6.4,0.85,11.25,0,0,20.2,SNSL,AUG,2018
WSSL_AUG18_1,WSSL_AUG18,1.192307692,1,0,0,2.8,3.1,10.1,0,0,16,WSSL,AUG,2018
WSSL_AUG18_2,WSSL_AUG18,1.192307692,2,0,0,0.775862069,1.379310345,8.017241379,0,0,10.17241379,WSSL,AUG,2018
WSSL_AUG18_3,WSSL_AUG18,1.192307692,3,0,0,0.5,2.25,10.75,0,0,13.5,WSSL,AUG,2018
BUSL_OCT18_2,BUSL_OCT18,0.171428571,2,0.3,0.15,0.45,1.05,5,0,0,6.95,BUSL,OCT,2018
BUSL_OCT18_1,BUSL_OCT18,0.171428571,1,2,0.5,2.5,6,13.5,0,0,24.5,BUSL,OCT,2018
CLSL_OCT18_1,CLSL_OCT18,0.017857143,1,2,0.2,0,1.4,3.15,0,0,6.75,CLSL,OCT,2018
CLSL_OCT18_2,CLSL_OCT18,0.017857143,2,2.295081967,0.327868852,1.721311475,2.295081967,3.68852459,0,0,10.32786885,CLSL,OCT,2018
CLSL_OCT18_3,CLSL_OCT18,0.017857143,3,1.041666667,0.972222222,3.541666667,4.861111111,4.097222222,0,0,14.51388889,CLSL,OCT,2018
DGSL_OCT18_1,DGSL_OCT18,0.236842105,1,1.279069767,0.23255814,1.453488372,1.918604651,7.209302326,0,0,12.09302326,DGSL,OCT,2018
DGSL_OCT18_2,DGSL_OCT18,0.236842105,2,1.375,0.1875,3.5625,0.9375,6.375,0,0,12.4375,DGSL,OCT,2018
DGSL_OCT18_3,DGSL_OCT18,0.236842105,3,0.875,0.125,4.5,1.0625,8,0,0,14.5625,DGSL,OCT,2018
GESL_OCT18_1,GESL_OCT18,1.053333333,1,2.912087912,0.989010989,4.010989011,22.30769231,10.65934066,0,0.089285714,40.9684066,GESL,OCT,2018
GESL_OCT18_2,GESL_OCT18,1.053333333,2,3.085106383,1.063829787,9.042553191,19.89361702,14.58333333,0,0,47.66843971,GESL,OCT,2018
GESL_OCT18_3,GESL_OCT18,1.053333333,3,5.722222222,1.833333333,18,15.61111111,12.61111111,0,0,53.77777778,GESL,OCT,2018
MESL_OCT18_1,MESL_OCT18,0,1,5.1,2,8.75,4.8,12.85,0,0,33.5,MESL,OCT,2018
MESL_OCT18_2,MESL_OCT18,0,2,2.45,0.45,4.25,4.3,17.75,0,0.15,29.35,MESL,OCT,2018
MESL_OCT18_3,MESL_OCT18,0,3,2.5,0.666666667,8.833333333,2.583333333,10.66666667,0,0,25.25,MESL,OCT,2018
NOSL_OCT18_1,NOSL_OCT18,0.621621622,1,2.8,0.7,5.1,0.85,2,0,0,11.45,NOSL,OCT,2018
NOSL_OCT18_2,NOSL_OCT18,0.621621622,2,3.8,1.3,5.15,0.6,2.9,0,0,13.75,NOSL,OCT,2018
NOSL_OCT18_3,NOSL_OCT18,0.621621622,3,3.35,1.1,4.35,0.55,3.15,0,0,12.5,NOSL,OCT,2018
OTSL_OCT18_2,OTSL_OCT18,1.637931034,2,0.3,0,1.3,0.45,4.8,0,0,6.85,OTSL,OCT,2018
OTSL_OCT18_3,OTSL_OCT18,1.637931034,3,0.55,0.3,2.65,0.05,3.3,0,0,6.85,OTSL,OCT,2018
OTSL_OCT19_1,OTSL_OCT19,1.637931034,1,3,1.5,13.5,16,28.5,0,0,62.5,OTSL,OCT,2018
PTSA_OCT18_2,PTSA_OCT18,0.268292683,2,2.3,0.95,2.45,2.9,11.8,0,0,20.4,PTSA,OCT,2018
PTSA_OCT18_3,PTSA_OCT18,0.268292683,3,3.05,1.2,3.3,2.35,13.25,0,0,23.15,PTSA,OCT,2018
PTSA_OCT19_1,PTSA_OCT19,0.268292683,1,1,0,8.5,3.5,8,0,0,21,PTSA,OCT,2018
SCSL_OCT18_1,SCSL_OCT18,0,1,0.704225352,0.492957746,3.38028169,20.14084507,22.3943662,0,0,47.11267606,SCSL,OCT,2018
SCSL_OCT18_2,SCSL_OCT18,0,2,2.971014493,0.289855072,12.31884058,3.985507246,7.173913043,0,0,26.73913043,SCSL,OCT,2018
SCSL_OCT18_3,SCSL_OCT18,0,3,5.5,0,10.78571429,5.428571429,5.428571429,0,0.071428571,27.21428572,SCSL,OCT,2018
SNSL_OCT18_1,SNSL_OCT18,3.618181818,1,0.55,0,1.65,0.65,6.1,0,0,8.95,SNSL,OCT,2018
SNSL_OCT18_2,SNSL_OCT18,3.618181818,2,3.8,0.4,0.9,1.15,3.8,0,0,10.05,SNSL,OCT,2018
SNSL_OCT18_3,SNSL_OCT18,3.618181818,3,2.15,0.3,3.75,0.6,4.05,0,0,10.85,SNSL,OCT,2018
WSSL_OCT18_1,WSSL_OCT18,1.490196078,1,2.75862069,0.689655172,3.448275862,1.293103448,7.155172414,0,0,15.34482759,WSSL,OCT,2018
WSSL_OCT18_2,WSSL_OCT18,1.490196078,2,0.949367089,0.126582278,4.303797468,0.886075949,8.35443038,0,0,14.62025316,WSSL,OCT,2018
WSSL_OCT18_3,WSSL_OCT18,1.490196078,3,2.375,0.625,3.6875,0.75,6.625,0,0.125,14.1875,WSSL,OCT,2018
BUSL_JUNE18_2,BUSL_JUNE18,1.777777778,2,0.625,0.1875,1.75,0.25,11.5,0,0,14.3125,BUSL,JUNE,2018
BUSL_JUNE19_1,BUSL_JUNE19,0.5,1,8.633333333,9.8,67.66666667,1.633333333,14,0,0,101.7333333,BUSL,JUNE,2019
BUSL_JUNE19_2,BUSL_JUNE19,0.5,2,8.089655172,11.18275862,73.28275862,5.472413793,28.07586207,0.475862069,0,126.5793103,BUSL,JUNE,2019
BUSL_JUNE19_3,BUSL_JUNE19,0.5,3,81.86666667,25.72375691,91.25274725,3.130434783,16.08648649,0,0,218.0600921,BUSL,JUNE,2019
CLSL_JUNE19_1,CLSL_JUNE19,0,1,4.973684211,1.421052632,10.65789474,18.47368421,9.236842105,0,0,44.7631579,CLSL,JUNE,2019
CLSL_JUNE19_2,CLSL_JUNE19,0,2,1.4,1,1,1.5,1.2,0,0,6.1,CLSL,JUNE,2019
CLSL_JUNE19_3,CLSL_JUNE19,0,3,0,0,0,0,0,0,0,0,CLSL,JUNE,2019
DGSL_JUNE19_1,DGSL_JUNE19,0,1,0.6,1.1,3.1,0.7,10.7,0,0,16.2,DGSL,JUNE,2019
DGSL_JUNE19_2,DGSL_JUNE19,0,2,17.64,3.24,14.64,2.28,15.24,0,0,53.04,DGSL,JUNE,2019
DGSL_JUNE19_3,DGSL_JUNE19,0,3,14.7,2.7,12.2,1.9,12.7,0,0,44.2,DGSL,JUNE,2019
GESL_JUNE19_1,GESL_JUNE19,0,1,3.724137931,1.793103448,27.31034483,3.586206897,5.517241379,0,0,41.93103449,GESL,JUNE,2019
GESL_JUNE19_2,GESL_JUNE19,0,2,11,2.5,142,5,9,0,0,169.5,GESL,JUNE,2019
GESL_JUNE19_3,GESL_JUNE19,0,3,9,1.090909091,91.90909091,0.818181818,4.909090909,0,0,107.7272727,GESL,JUNE,2019
MESL_JUNE20_1,MESL_JUNE20,0,1,3.5,18,78,3.5,11,0,0,114,MESL,JUNE,2019
MESL_JUNE20_2,MESL_JUNE20,0,2,23,1,67.5,2,11.5,0,0,105,MESL,JUNE,2019
MESL_JUNE20_3,MESL_JUNE20,0,3,20.5,2,32,7.5,33,0,0,95,MESL,JUNE,2019
NOSL_JUNE19_1,NOSL_JUNE19,0,1,0,11.8,108.2,35.8,43.4,0,0,199.2,NOSL,JUNE,2019
NOSL_JUNE19_2,NOSL_JUNE19,0,2,3.6,6.8,52.3,7.8,5.6,0,0,76.1,NOSL,JUNE,2019
NOSL_JUNE19_3,NOSL_JUNE19,0,3,3.4,6.7,44.7,4.5,8.4,0,0,67.7,NOSL,JUNE,2019
OTSL_JUNE19_1,OTSL_JUNE19,0,1,4.976470588,3.041176471,68.01176471,9.676470588,12.71764706,0,0,98.42352942,OTSL,JUNE,2019
OTSL_JUNE19_2,OTSL_JUNE19,0,2,8.142857143,5.142857143,40.71428571,4.5,12.64285714,0,0,71.14285714,OTSL,JUNE,2019
OTSL_JUNE19_3,OTSL_JUNE19,0,3,1.457142857,1.214285714,35.21428571,2.185714286,0,0,0,40.07142857,OTSL,JUNE,2019
PTSA_JUNE19_1,PTSA_JUNE19,0,1,0,0,0,0,17.48571429,0,0,17.48571429,PTSA,JUNE,2019
PTSA_JUNE19_2,PTSA_JUNE19,0,2,7.771428571,1.7,14.57142857,4.614285714,6.314285714,0,0,34.97142857,PTSA,JUNE,2019
PTSA_JUNE19_3,PTSA_JUNE19,0,3,1.2,0.9,17.1,2.4,7.2,0,0,28.8,PTSA,JUNE,2019
SCSL_JUNE19_1,SCSL_JUNE19,0,1,5.4,2.85,21.45,7.95,17.85,0,0,55.5,SCSL,JUNE,2019
SCSL_JUNE19_2,SCSL_JUNE19,0,2,84.51428571,2.671428571,161.5,28.41428571,20.4,0,0,297.5,SCSL,JUNE,2019
SCSL_JUNE19_3,SCSL_JUNE19,0,3,7.933333333,0.933333333,50.86666667,1.866666667,22.4,0.233333333,0,84.23333334,SCSL,JUNE,2019
SNSL_JUNE19_1,SNSL_JUNE19,0,1,4,2.375,29.875,2.875,2,0,0,41.125,SNSL,JUNE,2019
SNSL_JUNE19_2,SNSL_JUNE19,0,2,5.477777778,3.544444444,27.06666667,11.6,12.56666667,0,0,60.25555556,SNSL,JUNE,2019
SNSL_JUNE19_3,SNSL_JUNE19,0,3,5.485714286,3.257142857,40.97142857,3.942857143,2.742857143,0,0,56.4,SNSL,JUNE,2019
WSSL_JUNE19_1,WSSL_JUNE19,0,1,7.5,12.3,24.9,18,15,0,0,77.7,WSSL,JUNE,2019
WSSL_JUNE19_2,WSSL_JUNE19,0,2,9.3,6.3,55.5,12.6,45.3,0,0,129,WSSL,JUNE,2019
WSSL_JUNE19_3,WSSL_JUNE19,0,3,8.957142857,4.071428571,21.44285714,1.628571429,14.65714286,0,0,50.75714286,WSSL,JUNE,2019
BUSL_AUG19_2,BUSL_AUG19,0.952380952,2,1.875,1.5625,1.9375,0.5,15.125,0,0,21,BUSL,AUG,2019
BUSL_AUG19_1,BUSL_AUG19,0.952380952,1,3.352941176,7.041176471,7.041176471,7.376470588,16.76470588,0,0,41.57647059,BUSL,AUG,2019
BUSL_AUG19_2,BUSL_AUG19,0.952380952,2,3,6.3,6.3,6.6,15,0,0,37.2,BUSL,AUG,2019
BUSL_AUG19_3,BUSL_AUG19,0.952380952,3,18.9,2.925,13.5,5.85,38.7,0,0,79.875,BUSL,AUG,2019
CLSL_AUG19_1,CLSL_AUG19,0.12244898,1,5.5,1,11,28,61.5,0,0,107,CLSL,AUG,2019
CLSL_AUG19_2,CLSL_AUG19,0.12244898,2,3,0.5,15,1,25.5,0,0,45,CLSL,AUG,2019
CLSL_AUG19_3,CLSL_AUG19,0.12244898,3,3.5,1.5,7.5,9.5,70,0,0,92,CLSL,AUG,2019
DGSL_AUG19_1,DGSL_AUG19,0.472222222,1,3.2,0.9,1.7,14.3,28,0,0,48.1,DGSL,AUG,2019
DGSL_AUG19_2,DGSL_AUG19,0.472222222,2,0,0,0,0,1.1,1.8,0,2.9,DGSL,AUG,2019
DGSL_AUG19_3,DGSL_AUG19,0.472222222,3,5.1,2.2,9.8,40.9,69.3,0,0,127.3,DGSL,AUG,2019
GESL_AUG19_1,GESL_AUG19,0.883333333,1,0.2,0,1.1,0.6,6.2,0,0,8.1,GESL,AUG,2019
GESL_AUG19_2,GESL_AUG19,0.883333333,2,0.3,0.2,0.7,1.2,3.6,0,0,6,GESL,AUG,2019
GESL_AUG19_3,GESL_AUG19,0.883333333,3,0.3,0,0.7,1.3,3.1,0,0,5.4,GESL,AUG,2019
MESL_AUG19_1,MESL_AUG19,0,1,11.66666667,2.222222222,131.1111111,16.66666667,38.88888889,0,1.111111111,201.6666667,MESL,AUG,2019
MESL_AUG19_2,MESL_AUG19,0,2,10,8.333333333,68.33333333,30,53.33333333,0,0,170,MESL,AUG,2019
MESL_AUG19_3,MESL_AUG19,0,3,2.5,2.5,36.66666667,73.33333333,56.66666667,0,0,171.6666667,MESL,AUG,2019
NOSL_AUG19_1,NOSL_AUG19,1,1,56.81818182,29.54545455,36.36363636,186.3636364,193.1818182,0,0,502.2727273,NOSL,AUG,2019
NOSL_AUG19_2,NOSL_AUG19,1,2,16,10,24,54,124,2,0,230,NOSL,AUG,2019
NOSL_AUG19_3,NOSL_AUG19,1,3,38.0952381,19.04761905,19.04761905,35.71428571,95.23809524,0,0,207.1428572,NOSL,AUG,2019
OTSL_AUG19_1,OTSL_AUG19,0.032786885,1,2.5,1.4,13,30.8,13.2,0,0,60.9,OTSL,AUG,2019
OTSL_AUG19_2,OTSL_AUG19,0.032786885,2,2.1,3.4,13.2,13.4,16.5,0,0,48.6,OTSL,AUG,2019
OTSL_AUG19_3,OTSL_AUG19,0.032786885,3,1.1,2,5.5,34.8,14.7,0,0,58.1,OTSL,AUG,2019
PTSA_AUG19_1,PTSA_AUG19,0,1,0.1,0.1,2.2,1200,1.3,0,0,1203.7,PTSA,AUG,2019
PTSA_AUG19_2,PTSA_AUG19,0,2,1.5,2,17.75,814,2,0,0,837.25,PTSA,AUG,2019
PTSA_AUG19_3,PTSA_AUG19,0,3,0.615384615,1.435897436,25.84615385,858.8717949,2.256410256,0,0,889.0256411,PTSA,AUG,2019
SCSL_AUG19_1,SCSL_AUG19,0,1,2,0,6,22.5,9,0,0,39.5,SCSL,AUG,2019
SCSL_AUG19_2,SCSL_AUG19,0,2,1.5,0.5,11.5,21.5,24.5,0,0,59.5,SCSL,AUG,2019
SCSL_AUG19_3,SCSL_AUG19,0,3,7,1.5,93.5,11,16,0,0,129,SCSL,AUG,2019
SNSL_AUG19_1,SNSL_AUG19,0,1,1.357142857,2.035714286,4.75,4.75,21.71428571,0,0,34.60714285,SNSL,AUG,2019
SNSL_AUG19_2,SNSL_AUG19,0,2,8.75,0.625,1.875,2.5,25,0,0,38.75,SNSL,AUG,2019
SNSL_AUG19_3,SNSL_AUG19,0,3,7.368421053,0.526315789,1.578947368,2.105263158,21.05263158,0,0,32.63157895,SNSL,AUG,2019
WSSL_AUG19_1,WSSL_AUG19,0,1,22.5,2.5,43.75,15,18.75,0,0,102.5,WSSL,AUG,2019
WSSL_AUG19_2,WSSL_AUG19,0,2,28.125,3.125,54.6875,18.75,23.4375,0,0,128.125,WSSL,AUG,2019
WSSL_AUG19_3,WSSL_AUG19,0,3,1.515151515,4.545454545,10.60606061,22.72727273,31.81818182,0,0,71.21212122,WSSL,AUG,2019
BUSL_OCT19_3,BUSL_OCT19,0.178571429,3,1.1,0.3,1.7,0.25,4.95,0,0,8.3,BUSL,OCT,2019
BUSL_OCT19_2,BUSL_OCT19,0.178571429,2,2,0.5,2.5,6,13.5,0,0,24.5,BUSL,OCT,2019
BUSL_OCT19_3,BUSL_OCT19,0.178571429,3,49.5,25,15,10.5,35,0,0,135,BUSL,OCT,2019
BUSL_OCT19_1,BUSL_OCT19,0.178571429,1,1.5,1,1,1.5,39.5,0,0,44.5,BUSL,OCT,2019
CLSL_OCT19_1,CLSL_OCT19,0,1,3.5,1,1.5,2.5,8.5,0,0,17,CLSL,OCT,2019
CLSL_OCT19_2,CLSL_OCT19,0,2,1.5,0,0.75,6.25,4,0,0,12.5,CLSL,OCT,2019
CLSL_OCT19_3,CLSL_OCT19,0,3,2.5,2.5,2,0,9.5,0,0,16.5,CLSL,OCT,2019
DGSL_OCT19_1,DGSL_OCT19,1.111111111,1,25.5,4,19,10,20.5,0,0,79,DGSL,OCT,2019
DGSL_OCT19_2,DGSL_OCT19,1.111111111,2,6.5,0,3,34.5,20.5,0,0,64.5,DGSL,OCT,2019
DGSL_OCT19_3,DGSL_OCT19,1.111111111,3,7.5,0,4,39,10.5,0,0,61,DGSL,OCT,2019
GESL_OCT19_1,GESL_OCT19,2.770833333,1,6,0,10,8,48,0,0,72,GESL,OCT,2019
GESL_OCT19_2,GESL_OCT19,2.770833333,2,9,3,15,2,43,0,0,72,GESL,OCT,2019
GESL_OCT19_3,GESL_OCT19,2.770833333,3,15.51724138,0,17.5862069,3.103448276,18.62068966,0,0,54.82758622,GESL,OCT,2019
MESL_OCT19_1,MESL_OCT19,0,1,2,0.5,6.5,5.25,5.5,0,0,19.75,MESL,OCT,2019
MESL_OCT19_2,MESL_OCT19,0,2,3.5,3.5,12.5,27,11.5,0,0,58,MESL,OCT,2019
MESL_OCT19_3,MESL_OCT19,0,3,8.5,1.5,11.5,13,7.5,0,0,42,MESL,OCT,2019
NOSL_OCT19_1,NOSL_OCT19,0.212765957,1,3,1.5,5.5,31,8,0,0,49,NOSL,OCT,2019
NOSL_OCT19_2,NOSL_OCT19,0.212765957,2,3,1.5,5.5,31,8,0,0,49,NOSL,OCT,2019
NOSL_OCT19_3,NOSL_OCT19,0.212765957,3,9,4,21,53.5,45,0,0,132.5,NOSL,OCT,2019
OTSL_OCT19_2,OTSL_OCT19,0.448979592,2,1,0,5,0,8,63,0,77,OTSL,OCT,2019
OTSL_OCT19_3,OTSL_OCT19,0.448979592,3,17,0.5,20.5,9.5,20.5,0,0,68,OTSL,OCT,2019
OTSL_OCT20_1,OTSL_OCT20,0.448979592,1,16,0,98,4,80,0,0,198,OTSL,OCT,2020
PTSA_OCT19_2,PTSA_OCT19,0,2,6.5,0.5,70,7,3,0,0,87,PTSA,OCT,2019
PTSA_OCT19_3,PTSA_OCT19,0,3,6.5,0.5,70,7,3,0,0,87,PTSA,OCT,2019
PTSA_OCT20_1,PTSA_OCT20,0,1,16,23,17,8.5,29,0,0,93.5,PTSA,OCT,2020
SCSL_OCT19_1,SCSL_OCT19,0,1,1.5,0.5,4,5.5,15,0,0,26.5,SCSL,OCT,2019
SCSL_OCT19_2,SCSL_OCT19,0,2,25.5,13,9,2,27.5,0,0,77,SCSL,OCT,2019
SCSL_OCT19_3,SCSL_OCT19,0,3,48,0.5,21.5,4.5,5.5,0,0,80,SCSL,OCT,2019
SNSL_OCT19_1,SNSL_OCT19,0,1,1,0.5,2.5,6.5,53,0,0,63.5,SNSL,OCT,2019
SNSL_OCT19_2,SNSL_OCT19,0,2,128,9,40,0,62,0,0,239,SNSL,OCT,2019
SNSL_OCT19_3,SNSL_OCT19,0,3,488,5,106,4,45,0,0,648,SNSL,OCT,2019
WSSL_OCT19_1,WSSL_OCT19,0,1,3.5,2.25,3.25,0.25,11.75,0,0,21,WSSL,OCT,2019
WSSL_OCT19_2,WSSL_OCT19,0,2,3.5,2.25,3.25,0.25,11.75,0,0,21,WSSL,OCT,2019
WSSL_OCT19_3,WSSL_OCT19,0,3,7.5,6,6,7,27.5,0,0,54,WSSL,OCT,2019
BUSL_JUNE20_1,BUSL_JUNE20,0.865384615,1,4,0.5,14,9.5,78,0,0,106,BUSL,JUNE,2020
BUSL_JUNE20_2,BUSL_JUNE20,0.865384615,2,159.5,2,55.5,1.5,10,0,0,228.5,BUSL,JUNE,2020
BUSL_JUNE20_3,BUSL_JUNE20,0.865384615,3,16.5,1,65,7.5,70,0,0,160,BUSL,JUNE,2020
CLSL_JUNE20_1,CLSL_JUNE20,0.4,1,0.5,0,2,5.5,11,0,0,19,CLSL,JUNE,2020
CLSL_JUNE20_2,CLSL_JUNE20,0.4,2,1.5,0,1,14,4.5,0,0,21,CLSL,JUNE,2020
CLSL_JUNE20_3,CLSL_JUNE20,0.4,3,1.5,0.5,1,2,23.5,0,0,28.5,CLSL,JUNE,2020
DGSL_JUNE20_1,DGSL_JUNE20,1.108695652,1,2,1.5,3,72,23,0,0,101.5,DGSL,JUNE,2020
DGSL_JUNE20_2,DGSL_JUNE20,1.108695652,2,7,1.5,15.5,10.5,15,0,0,49.5,DGSL,JUNE,2020
DGSL_JUNE20_3,DGSL_JUNE20,1.108695652,3,0.5,1,5,19.5,26.5,0,0,52.5,DGSL,JUNE,2020
GESL_JUNE20_1,GESL_JUNE20,0.136986301,1,6.5,2,6,1.5,14.5,0,0,30.5,GESL,JUNE,2020
GESL_JUNE20_2,GESL_JUNE20,0.136986301,2,7.5,3,21.5,5,12,0,0,49,GESL,JUNE,2020
GESL_JUNE20_3,GESL_JUNE20,0.136986301,3,128.5,0.5,174,18,10,0,0,331,GESL,JUNE,2020
NOSL_JUNE20_1,NOSL_JUNE20,0.88372093,1,8,2,4,42,48,0,0,104,NOSL,JUNE,2020
NOSL_JUNE20_2,NOSL_JUNE20,0.88372093,2,7,1,58,6.5,20.5,0,0,93,NOSL,JUNE,2020
NOSL_JUNE20_3,NOSL_JUNE20,0.88372093,3,8,2,4,42,48,0,0,104,NOSL,JUNE,2020
OTSL_JUNE20_1,OTSL_JUNE20,0.552631579,1,0,2,22,118,72,0,0,214,OTSL,JUNE,2020
OTSL_JUNE20_2,OTSL_JUNE20,0.552631579,2,6,0,24,58,22,0,0,110,OTSL,JUNE,2020
OTSL_JUNE20_3,OTSL_JUNE20,0.552631579,3,4,0,74,62,30,0,0,170,OTSL,JUNE,2020
PTSA_JUNE20_1,PTSA_JUNE20,0,1,0,2,2,982,16,0,0,1002,PTSA,JUNE,2020
PTSA_JUNE20_2,PTSA_JUNE20,0,2,0,0,4,506,26,0,0,536,PTSA,JUNE,2020
PTSA_JUNE20_3,PTSA_JUNE20,0,3,18,0,26,1308,20,0,0,1372,PTSA,JUNE,2020
SCSL_JUNE20_1,SCSL_JUNE20,0,1,544,88,524,0,12,0,0,1168,SCSL,JUNE,2020
SCSL_JUNE20_2,SCSL_JUNE20,0,2,48,48,346,238,52,0,0,732,SCSL,JUNE,2020
SCSL_JUNE20_3,SCSL_JUNE20,0,3,80,22,456,0,28,0,0,586,SCSL,JUNE,2020
SNSL_JUNE20_1,SNSL_JUNE20,0,1,0,10,0,80,4,0,0,94,SNSL,JUNE,2020
SNSL_JUNE20_2,SNSL_JUNE20,0,2,4,2,8,188,12,0,0,214,SNSL,JUNE,2020
SNSL_JUNE20_3,SNSL_JUNE20,0,3,0,0,6,270,10,0,0,286,SNSL,JUNE,2020
WSSL_JUNE20_1,WSSL_JUNE20,0.078431373,1,6,4,90,22,6,0,0,128,WSSL,JUNE,2020
WSSL_JUNE20_2,WSSL_JUNE20,0.078431373,2,16,0,64,0,54,0,0,134,WSSL,JUNE,2020
WSSL_JUNE20_3,WSSL_JUNE20,0.078431373,3,4,0,86,0,20,0,0,110,WSSL,JUNE,2020
BUSL_AUG20_1,BUSL_AUG20,0.275862069,1,0,0,24,46,112,0,0,182,BUSL,AUG,2020
BUSL_AUG20_2,BUSL_AUG20,0.275862069,2,150,32,30,0,16,0,0,228,BUSL,AUG,2020
BUSL_AUG20_3,BUSL_AUG20,0.275862069,3,24,4,32,4,48,0,0,112,BUSL,AUG,2020
CLSL_AUG20_1,CLSL_AUG20,0.525423729,1,58,60,68,248,232,0,0,666,CLSL,AUG,2020
CLSL_AUG20_2,CLSL_AUG20,0.525423729,2,68,22,194,8,106,0,0,398,CLSL,AUG,2020
CLSL_AUG20_3,CLSL_AUG20,0.525423729,3,78,2,146,4,42,0,0,272,CLSL,AUG,2020
DGSL_AUG20_1,DGSL_AUG20,0.45,1,7.5,4.5,11.5,0,20,0,0,43.5,DGSL,AUG,2020
DGSL_AUG20_2,DGSL_AUG20,0.45,2,3,0,1,1.5,8,0,0,13.5,DGSL,AUG,2020
DGSL_AUG20_3,DGSL_AUG20,0.45,3,3.5,1,6.5,0,4.5,0,0,15.5,DGSL,AUG,2020
GESL_AUG20_1,GESL_AUG20,0.072727273,1,6.5,0,90.5,9.5,24,0,0,130.5,GESL,AUG,2020
GESL_AUG20_2,GESL_AUG20,0.072727273,2,31,14,129,16.5,37,0,0,227.5,GESL,AUG,2020
GESL_AUG20_3,GESL_AUG20,0.072727273,3,13,5,91,17.5,28,0,0,154.5,GESL,AUG,2020
MESL_AUG20_1,MESL_AUG20,0,1,0.5,0,1,48.5,55,0,0,105,MESL,AUG,2020
MESL_AUG20_2,MESL_AUG20,0,2,17,16,23.5,50.5,87,0,0,194,MESL,AUG,2020
MESL_AUG20_3,MESL_AUG20,0,3,0,0.5,58.5,2,13,0,0,74,MESL,AUG,2020
NOSL_AUG20_1,NOSL_AUG20,2.511627907,1,6,1,36,32,31,0,0,106,NOSL,AUG,2020
NOSL_AUG20_2,NOSL_AUG20,2.511627907,2,10,1,40,3,9,0,0,63,NOSL,AUG,2020
NOSL_AUG20_3,NOSL_AUG20,2.511627907,3,3,12,37,28,18,0,0,98,NOSL,AUG,2020
OTSL_AUG20_1,OTSL_AUG20,0.675,1,31,33,68,269,64,0,0,465,OTSL,AUG,2020
OTSL_AUG20_2,OTSL_AUG20,0.675,2,6,1,36,32,31,0,0,106,OTSL,AUG,2020
OTSL_AUG20_3,OTSL_AUG20,0.675,3,10,1,40,3,9,0,0,63,OTSL,AUG,2020
PTSA_AUG20_1,PTSA_AUG20,0,1,3,12,37,28,18,0,0,98,PTSA,AUG,2020
PTSA_AUG20_2,PTSA_AUG20,0,2,31,33,68,269,64,0,0,465,PTSA,AUG,2020
PTSA_AUG20_3,PTSA_AUG20,0,3,11,26,24,125,30,0,0,216,PTSA,AUG,2020
SCSL_AUG20_1,SCSL_AUG20,0,1,97.22222222,19.44444444,266.6666667,222.2222222,213.8888889,0,0,819.4444445,SCSL,AUG,2020
SCSL_AUG20_2,SCSL_AUG20,0,2,30,0,57.5,55,107.5,0,0,250,SCSL,AUG,2020
SCSL_AUG20_3,SCSL_AUG20,0,3,61.66666667,3.333333333,180,158.3333333,165,0,0,568.3333333,SCSL,AUG,2020
SNSL_AUG20_1,SNSL_AUG20,0,1,5,7,5,24,60.5,0,0,101.5,SNSL,AUG,2020
SNSL_AUG20_2,SNSL_AUG20,0,2,7.5,1.5,6,85,63,0,0,163,SNSL,AUG,2020
SNSL_AUG20_3,SNSL_AUG20,0,3,4,2.5,1,34,71,0,0,112.5,SNSL,AUG,2020
WSSL_AUG20_1,WSSL_AUG20,0.245283019,1,1,0,19,76,119,0,0,215,WSSL,AUG,2020
WSSL_AUG20_2,WSSL_AUG20,0.245283019,2,0,2,2,95,104,0,0,203,WSSL,AUG,2020
WSSL_AUG20_3,WSSL_AUG20,0.245283019,3,5,0,21,58,43,0,0,127,WSSL,AUG,2020
BUSL_OCT20_2,BUSL_OCT20,1.344827586,2,8,14,10.5,15.5,24,0,0,72,BUSL,OCT,2020
BUSL_OCT20_3,BUSL_OCT20,1.344827586,3,6,6.5,18.5,2,23,0,0,56,BUSL,OCT,2020
CLSL_OCT20_1,CLSL_OCT20,0.651162791,1,1.5,0.5,0.5,8.114035088,17.5,0,0,28.11403509,CLSL,OCT,2020
CLSL_OCT20_2,CLSL_OCT20,0.651162791,2,12.29508197,3.278688525,3.278688525,4.918032787,54.09836066,0,0,77.86885247,CLSL,OCT,2020
CLSL_OCT20_3,CLSL_OCT20,0.651162791,3,72.5,5,15,25,16.66666667,0,0,134.1666667,CLSL,OCT,2020
DGSL_OCT20_1,DGSL_OCT20,1.151515152,1,12.5,2.5,22.5,56.25,35,0,0,128.75,DGSL,OCT,2020
DGSL_OCT20_2,DGSL_OCT20,1.151515152,2,14.28571429,0,25.71428571,67.14285714,48.57142857,0,0,155.7142857,DGSL,OCT,2020
DGSL_OCT20_3,DGSL_OCT20,1.151515152,3,8.421052632,3.157894737,2.105263158,5.263157895,52.63157895,0,0,71.57894737,DGSL,OCT,2020
GESL_OCT20_1,GESL_OCT20,0,1,24,2,13,27,19,0,0,85,GESL,OCT,2020
GESL_OCT20_2,GESL_OCT20,0,2,19.31034483,1.379310345,12.4137931,8.275862069,27.5862069,0,0,68.96551724,GESL,OCT,2020
GESL_OCT20_3,GESL_OCT20,0,3,20.48780488,0.853658537,2.56097561,7.682926829,5.975609756,0,0,37.56097561,GESL,OCT,2020
MESL_OCT20_1,MESL_OCT20,0,1,2.5,0,18.5,3,13,0,0,37,MESL,OCT,2020
MESL_OCT20_2,MESL_OCT20,0,2,0.5,0.5,43.5,4,25.5,0,0,74,MESL,OCT,2020
MESL_OCT20_3,MESL_OCT20,0,3,2,0.5,73,3,18.5,0,0,97,MESL,OCT,2020
OTSL_OCT20_2,OTSL_OCT20,0.425925926,2,16,4,70,0,22,0,0,112,OTSL,OCT,2020
OTSL_OCT20_3,OTSL_OCT20,0.425925926,3,6,4,18,40,20,0,2,90,OTSL,OCT,2020
PTSA_OCT20_2,PTSA_OCT20,0,2,22.05882353,26.47058824,48.52941176,60.29411765,50,0,0,207.3529412,PTSA,OCT,2020
PTSA_OCT20_3,PTSA_OCT20,0,3,29.50819672,32.78688525,42.62295082,78.68852459,80.32786885,0,0,263.9344262,PTSA,OCT,2020
SCSL_OCT20_1,SCSL_OCT20,0,1,0,0,25,6,25,0,0,56,SCSL,OCT,2020
SCSL_OCT20_2,SCSL_OCT20,0,2,2.7,4.5,12.6,23.4,37.8,0,0,81,SCSL,OCT,2020
SCSL_OCT20_3,SCSL_OCT20,0,3,5.714285714,2.857142857,160,22.85714286,81.42857143,0,0,272.8571429,SCSL,OCT,2020
SNSL_OCT20_1,SNSL_OCT20,0,1,16.47058824,7.058823529,16.47058824,0,25.88235294,0,0,65.88235295,SNSL,OCT,2020
SNSL_OCT20_2,SNSL_OCT20,0,2,170.3703704,48.88888889,57.77777778,272.5925926,41.48148148,0,0,591.1111112,SNSL,OCT,2020
SNSL_OCT20_3,SNSL_OCT20,0,3,15,15,13.125,82.5,86.25,0,0,211.875,SNSL,OCT,2020
WSSL_OCT20_1,WSSL_OCT20,0.125,1,1.666666667,2.5,1.666666667,12.5,10,0,0,28.33333333,WSSL,OCT,2020
WSSL_OCT20_2,WSSL_OCT20,0.125,2,0,0,3,12.5,13,0,0,28.5,WSSL,OCT,2020
WSSL_OCT20_3,WSSL_OCT20,0.125,3,1,0,0,4,8.5,0,0,13.5,WSSL,OCT,2020
